-- MySQL dump 10.13  Distrib 5.7.32, for Linux (i686)
--
-- Host: localhost    Database: webgis
-- ------------------------------------------------------
-- Server version	5.7.32-0ubuntu0.18.04.1

/*!40101 SET @OLD_CHARACTER_SET_CLIENT=@@CHARACTER_SET_CLIENT */;
/*!40101 SET @OLD_CHARACTER_SET_RESULTS=@@CHARACTER_SET_RESULTS */;
/*!40101 SET @OLD_COLLATION_CONNECTION=@@COLLATION_CONNECTION */;
/*!40101 SET NAMES utf8 */;
/*!40103 SET @OLD_TIME_ZONE=@@TIME_ZONE */;
/*!40103 SET TIME_ZONE='+00:00' */;
/*!40014 SET @OLD_UNIQUE_CHECKS=@@UNIQUE_CHECKS, UNIQUE_CHECKS=0 */;
/*!40014 SET @OLD_FOREIGN_KEY_CHECKS=@@FOREIGN_KEY_CHECKS, FOREIGN_KEY_CHECKS=0 */;
/*!40101 SET @OLD_SQL_MODE=@@SQL_MODE, SQL_MODE='NO_AUTO_VALUE_ON_ZERO' */;
/*!40111 SET @OLD_SQL_NOTES=@@SQL_NOTES, SQL_NOTES=0 */;

--
-- Table structure for table `kabupaten`
--

DROP TABLE IF EXISTS `kabupaten`;
/*!40101 SET @saved_cs_client     = @@character_set_client */;
/*!40101 SET character_set_client = utf8 */;
CREATE TABLE `kabupaten` (
  `id` int(11) NOT NULL AUTO_INCREMENT,
  `provinsi_id` int(11) NOT NULL,
  `nama` varchar(255) COLLATE utf8mb4_unicode_ci NOT NULL,
  PRIMARY KEY (`id`),
  KEY `IDX_F88809D4C3703970` (`provinsi_id`),
  CONSTRAINT `FK_F88809D4C3703970` FOREIGN KEY (`provinsi_id`) REFERENCES `provinsi` (`id`)
) ENGINE=InnoDB AUTO_INCREMENT=59 DEFAULT CHARSET=utf8mb4 COLLATE=utf8mb4_unicode_ci;
/*!40101 SET character_set_client = @saved_cs_client */;

--
-- Dumping data for table `kabupaten`
--

LOCK TABLES `kabupaten` WRITE;
/*!40000 ALTER TABLE `kabupaten` DISABLE KEYS */;
INSERT INTO `kabupaten` VALUES (4,199,'KOTA TANJUNGPINANG'),(5,200,'PASAMAN BARAT'),(6,200,'DHARMASRAYA'),(7,201,'GAYOLUES'),(8,202,'MUARAENIM'),(9,203,'MUKO-MUKO'),(10,204,'PRINGSEWU'),(11,201,'ACEH SINGKIL'),(12,200,'AGAM'),(13,205,'BATUBARA'),(14,206,'BENGKALIS'),(15,207,'BUNGO'),(16,206,'INDRAGIRI HULU'),(17,206,'KAMPAR'),(18,199,'KARIMUN'),(19,207,'KERINCI'),(20,206,'KUANTANSENGINGI'),(21,205,'MANDAILINGNATAL'),(22,207,'MERANGIN'),(23,205,'PADANGLAWAS'),(24,205,'PADANGSIDIMPUAN'),(25,206,'PEKANBARU'),(26,200,'PESISIR SELATAN'),(27,206,'ROKAN HULU'),(28,207,'SAROLANGUN'),(29,206,'SIAK'),(30,200,'SIJUNJUNG'),(31,200,'SOLOK'),(32,200,'SOLOK SELATAN'),(33,200,'TANAHDATAR'),(34,207,'TANJUNGJABUNG TIMUR'),(35,207,'TEBO'),(36,205,'TOBASAMOSIR'),(37,203,'REJANG LEBONG'),(38,200,'KEPULAUAN MENTAWAI'),(39,208,'KOTA BANDUNG'),(40,208,'KOTA BEKASI'),(41,209,'KOTA DENPASAR'),(42,205,'MEDAN'),(43,200,'KOTA PADANG'),(44,200,'KOTA BUKITTINGGI'),(45,207,'KOTA JAMBI'),(46,200,'KOTA PAYAKUMBUH'),(47,200,'KOTA SAWAHLUNTO'),(48,207,'KOTA SUNGAIPENUH'),(49,199,'KOTA BATAM'),(50,206,'KOTA DUMAI'),(51,200,'KOTA PADANGPANJANG'),(52,200,'KOTA PARIAMAN'),(53,210,'KLATEN'),(54,200,'LIMAPULUHKOTA'),(55,200,'PADANGPARIAMAN'),(56,200,'PASAMAN'),(57,203,'BENGKULU'),(58,203,'BENGKULU UTARA');
/*!40000 ALTER TABLE `kabupaten` ENABLE KEYS */;
UNLOCK TABLES;

--
-- Table structure for table `kecamatan`
--

DROP TABLE IF EXISTS `kecamatan`;
/*!40101 SET @saved_cs_client     = @@character_set_client */;
/*!40101 SET character_set_client = utf8 */;
CREATE TABLE `kecamatan` (
  `id` int(11) NOT NULL AUTO_INCREMENT,
  `kabupaten_id` int(11) NOT NULL,
  `nama` varchar(255) COLLATE utf8mb4_unicode_ci NOT NULL,
  PRIMARY KEY (`id`),
  KEY `IDX_BEEEDA20DE60E87F` (`kabupaten_id`),
  CONSTRAINT `FK_BEEEDA20DE60E87F` FOREIGN KEY (`kabupaten_id`) REFERENCES `kabupaten` (`id`)
) ENGINE=InnoDB AUTO_INCREMENT=170 DEFAULT CHARSET=utf8mb4 COLLATE=utf8mb4_unicode_ci;
/*!40101 SET character_set_client = @saved_cs_client */;

--
-- Dumping data for table `kecamatan`
--

LOCK TABLES `kecamatan` WRITE;
/*!40000 ALTER TABLE `kecamatan` DISABLE KEYS */;
INSERT INTO `kecamatan` VALUES (3,4,'TANJUNGPINANG TIMUR'),(4,5,'LUHAKNANDUO'),(5,5,'SASAKRANAHPASISIE'),(6,5,'SUNGAIBEREMAS'),(7,5,'PASAMAN'),(8,5,'TALAMAU'),(9,5,'GUNUNGTULEH'),(10,5,'KOTOBALINGKA'),(11,5,'LEMBAHMELINTANG'),(12,5,'KINALI'),(13,6,'SUNGAIRUMBAI'),(14,6,'KOTOSALAK'),(15,6,'PULAUPUNJUNG'),(16,7,'BLANGKEJEREN'),(17,7,'DABUNGELANG'),(18,8,'LAWANG KIDUL'),(19,9,'LIMA KOTO'),(20,9,'LUBUKPINANG'),(21,10,'GADINGREJO'),(22,11,'SINGKIL'),(23,12,'AMPEKANGKEK'),(24,12,'AMPEKKOTO'),(25,12,'AMPEKNAGARI'),(26,12,'BANUHAMPU'),(27,12,'KAMANGMAGEK'),(28,12,'LUBUKBASUNG'),(29,12,'MALALAK'),(30,12,'MATUR'),(31,12,'SUNGAIPUA'),(32,12,'TANJUNGRAYA'),(33,13,'TALAWI'),(34,14,'MANDAU'),(35,15,'PASARMUARABUNGO'),(36,15,'TANAHSEPENGGALLINTAS'),(37,16,'PERANAP'),(38,17,'SALO'),(39,17,'SIAK HULU'),(40,18,'KARIMUN'),(41,19,'KAYUARO'),(42,20,'GUNUNGTOAR'),(43,20,'KUANTANMUDIK'),(44,20,'PUCUKRANTAU'),(45,20,'SINGINGI'),(46,21,'HUTABARGOT'),(47,21,'NATAL'),(48,21,'SIABU'),(49,22,'BANGKO'),(50,22,'BATANGMASUMAI'),(51,22,'RENAHPAMENANG'),(52,22,'TABIR'),(53,22,'TABIR BARAT'),(54,22,'TABIR SELATAN'),(55,23,'BARUMUN'),(56,23,'SOSA'),(57,24,'PADANGSIDIMPUAN TENGGARA'),(58,25,'BUKITRAYA'),(59,25,'LIMAPULUH'),(60,25,'MARPOYANDAMAI'),(61,25,'PAYUNGSEKAKI'),(62,25,'PEKANBARUKOTA'),(63,25,'RUMBAI'),(64,25,'RUMBAIPESISIR'),(65,25,'SAIL'),(66,25,'SENAPELAN'),(67,25,'SUKAJADI'),(68,25,'TAMPAN'),(69,25,'TENAYANRAYA'),(70,26,'BAYANG'),(71,26,'EMPATJURAI'),(72,26,'KOTOSEBELASTARUSAN'),(73,26,'LENGAYANG'),(74,26,'PANCUNGSOAL'),(75,26,'RANAHPESISIR'),(76,26,'SUTERA'),(77,27,'UJUNGBATU'),(78,28,'SAROLANGUN'),(79,29,'MEMPURA'),(80,29,'SUNGAIAPIT'),(81,29,'SUNGAIMANDAU'),(82,29,'TUALANG'),(83,30,'KAMANGBARU'),(84,30,'KOTOTUJUH'),(85,30,'KUPITAN'),(86,30,'SIJUNJUNG'),(87,30,'SUMPURKUDUS'),(88,31,'DANAUKEMBAR'),(89,31,'GUNUNGTALANG'),(90,31,'HILIRANGUMANTI'),(91,31,'KOTOBARU'),(92,31,'SEMBILANKOTO SUNGAILASI'),(93,32,'KOTOPARIKGADANGDIATEH'),(94,32,'PAUH DUO'),(95,32,'SANGIR'),(96,32,'SANGIRBALAIJINGGO'),(97,32,'SUNGAIPAGU'),(98,33,'BATIPUH SELATAN'),(99,33,'LIMAKAUM'),(100,33,'LINTAUBUO UTARA'),(101,33,'PADANGGANTING'),(102,33,'SUNGAYANG'),(103,33,'TANJUNGEMAS'),(104,34,'MUARASABAK BARAT'),(105,34,'MUARASABAK TIMUR'),(106,35,'RIMBO ILIR'),(107,35,'RIMBOBUJANG'),(108,36,'LUMBANJULU'),(109,37,'CURUP'),(110,38,'SIPORA SELATAN'),(111,38,'SIPORA UTARA'),(112,39,'SUKAWARNA'),(113,40,'DURENJAYA'),(114,40,'KALIBARU'),(115,41,'DENPASAR TIMUR'),(116,42,'MEDANAMPLAS'),(117,42,'MEDANKOTA'),(118,42,'MEDANMAIMUN'),(119,43,'PADANG SELATAN'),(120,43,'LUBUKBEGALUNG'),(121,43,'PADANG TIMUR'),(122,43,'PADANG BARAT'),(123,43,'LUBUKKILANGAN'),(124,43,'PADANG UTARA'),(125,43,'NANGGALO'),(126,43,'KURANJI'),(127,43,'PAUH'),(128,43,'KOTOTENGAH'),(129,29,'MINAS'),(130,44,'MANDIANGINKOTOSELAYAN'),(131,45,'JALUTUNG'),(132,45,'KOTABARU'),(133,45,'PASAR JAMBI'),(134,45,'TELANAIPURA'),(135,46,'PAYAKUMBUH BARAT'),(136,46,'PAYAKUMBUH TIMUR'),(137,47,'BARANGIN'),(138,47,'SILUNGKANG'),(139,48,'PESISIRBUKIT'),(140,48,'SUNGAIPENUH'),(141,49,'BATUAMPAR'),(142,50,'DUMAI BARAT'),(143,51,'PADANGPANJANG TIMUR'),(144,51,'PADANGPANJANG BARAT'),(145,55,'PARIAMAN TENGAH'),(146,52,'PARIAMAN SELATAN'),(147,53,'SERENGAN'),(148,54,'SITUJUAHLIMONAGARI'),(149,54,'GUGUAK'),(150,54,'HARAU'),(151,55,'BATANGANAI'),(152,55,'NANSABARIS'),(153,55,'ENAMLINGKUNG'),(154,55,'PARIAMAN UTARA'),(155,55,'TUJUH KOTO SUNGAI SARIK'),(156,55,'PADANG SAGO'),(157,55,'DUAKALISEBELAS KAYUTANAM'),(158,55,'SUNGAILIMAU'),(159,55,'PATAMUAN'),(160,55,'LIMAKOTO TIMUR'),(161,56,'DUAKOTO'),(162,56,'RAO SELATAN'),(163,56,'RAO'),(164,56,'MAPATTUNGGUL'),(165,56,'RAO UTARA'),(166,56,'TIGONAGARI'),(167,56,'BONJOL'),(168,57,'RATUAGUNG'),(169,58,'KERKAP');
/*!40000 ALTER TABLE `kecamatan` ENABLE KEYS */;
UNLOCK TABLES;

--
-- Table structure for table `mahasiswa`
--

DROP TABLE IF EXISTS `mahasiswa`;
/*!40101 SET @saved_cs_client     = @@character_set_client */;
/*!40101 SET character_set_client = utf8 */;
CREATE TABLE `mahasiswa` (
  `id` int(11) NOT NULL AUTO_INCREMENT,
  `lokasi_id` int(11) DEFAULT NULL,
  `nim` varchar(64) COLLATE utf8mb4_unicode_ci NOT NULL,
  `nama` varchar(255) COLLATE utf8mb4_unicode_ci NOT NULL,
  `kontak` varchar(16) COLLATE utf8mb4_unicode_ci DEFAULT NULL,
  `email` varchar(255) COLLATE utf8mb4_unicode_ci DEFAULT NULL,
  PRIMARY KEY (`id`),
  KEY `IDX_D8B546657ED02E5D` (`lokasi_id`),
  CONSTRAINT `FK_D8B546657ED02E5D` FOREIGN KEY (`lokasi_id`) REFERENCES `kecamatan` (`id`)
) ENGINE=InnoDB AUTO_INCREMENT=378 DEFAULT CHARSET=utf8mb4 COLLATE=utf8mb4_unicode_ci;
/*!40101 SET character_set_client = @saved_cs_client */;

--
-- Dumping data for table `mahasiswa`
--

LOCK TABLES `mahasiswa` WRITE;
/*!40000 ALTER TABLE `mahasiswa` DISABLE KEYS */;
INSERT INTO `mahasiswa` VALUES (4,68,'2002510001','Desi Syafriani','081363451128','desisyafriani@gmail.com'),(5,7,'2009510004','Ferzi Lexwardy','085375732073','lexwardhy@yahoo.com'),(6,156,'2010510001','Kasman Nur','081276759152','kasmangeodesi@gmail.com'),(7,126,'2010510002','Irsyad Dalimo Putra','081372994462','P_irsyad02@yahoo.com/irsyadputra24@gmail.com'),(8,70,'2011510004','Okta Dasmalindo','081363342864','oktadasmalindo86@gmail.com'),(9,124,'2012510002','Rifki Aulia Rahman','087792395759',''),(10,7,'2012510006','Irwandi','081261700385','Irwandiperdana4318@rocketmail.com'),(11,7,'2012510007','Indra Nofirman','082285672630','indranofirman71@gmail.com'),(12,126,'2012510010','Sandra Wirdinata','085263253442','wirdinataandra@gmail.com'),(13,150,'2012510012','Puja Aulia Putra','082284549214','pujaaulia22@gmail.com'),(14,45,'2012510013','Rahmanda Sersi Erik','085364267192','erikcihuuyy@yahoo.co.id'),(15,7,'2012510014','Okta Wirian','082389025388','oktawirian@yahoo.com'),(16,146,'2012510020','Nurmansyah Saputra','085363278537','nurmansyahsaputra8@gmail.com'),(17,54,'2012510022','Herlia','087792306141','recca.nietzsche@yahoo.com'),(18,124,'2012510023','Aris Laduma','082284203509','arisladuma001@gmail.com'),(19,115,'2012510024','Nofrian','081275700064','Nofrian705@ymail.com'),(20,34,'2012510025','Raudhatul Jannah','085278131447','raudhaj@gmail.com'),(21,124,'2012510026','Sefrian Kharisman','085363125006',''),(22,32,'2012510028','Edo Saputra','082173171572','saputraedo1993@gmail.com'),(23,18,'2012510030','Richo Siyam Budi Prasetiyo','085781073338','richo1991@rocketmail.com'),(24,124,'2012510033','Noni Aramika','081248377330','noni.aramika@ymail.com'),(25,52,'2012510037','Ismail','082384323306','ismail2012510037@gmail.com'),(26,33,'2012510039','Ishad','085765751513','geodesi39@gmail.com'),(27,126,'2013510001','Satria Agung','085356425682','agungdk505@gmail.com'),(28,125,'2013510002','Ridho Yahyan','082388786665',''),(29,126,'2013510005','Irwandi','082284348174','bogerzirwandi76@gmail.com'),(30,125,'2013510007','Alexnal Putra','087892945538',''),(31,125,'2013510008','Andika Oktori','087791997482',''),(32,145,'2013510009','Amri Danil','085376508796','amridanil@yahoo.co.id'),(33,146,'2013510010','Arif Rahman','082381330240',''),(34,156,'2013510012','Nofri Anwar','085376315032',''),(35,98,'2013510013','Saiyidinal Fikri','083893811136','fikrichop@gmail.com'),(36,119,'2013510015','Redho Rhidansya','083182335469','uda.gagah@yahoo.co.id'),(37,65,'2013510016','Windi Harianto','085364019870','Wendiwh17@gmail.com'),(38,126,'2013510018','Irfandi','085364611819','irfandipipot@gmail.com'),(39,124,'2013510019','Irfan Ferdian Putra','085271782108','irfanferdianputra05@gmail.com'),(40,127,'2013510024','Imroatun Hasanah','085272585785','imroatunhasanah06@gmail.com'),(41,165,'2013510028','Fajri Ikhsyan','082170074131','sanfajri007@gmail.com'),(42,165,'2013510029','Andro Maulana','085375713200','maulanaandro93@gmail.com'),(43,102,'2013510030','Rendi Revaldo Sastra','085766462404','revastcred1994@gmail.com'),(44,124,'2013510032','Afdal Zikra','085263147284','afdalzikra88@gmail.com'),(45,121,'2013510036','Gino Perdana','082170074011',''),(46,109,'2013510037','Sarwo Edi Wibowo','085271878078','sarwoediwibowo21@gmail.com'),(47,122,'2013510038','Griff Brilian Putra','082381448897',''),(48,121,'2013510042','Dita Arviendri','085364547275','ditaarviendri26@gmail.com'),(49,48,'2013510043','Adelina Sutina Nasution','087792138795','adelinanasution@gmail.com'),(50,125,'2013510044','Muhammad Hafizh','089648268905',''),(51,138,'2013510045','Jariri Arroah Manda','082389223342','jariri31@gmail.com'),(52,7,'2013510047','Widia Putra Tariadi','085265627456','Widiaputra47@gmail.com'),(53,125,'2013510051','Agung Wirya Kasenda','082283436789','anakgunung58@gmail.com'),(54,49,'2013510052','Ilham Akbar','087745108831','Akbar_ilham20@yahoo.co.id'),(55,121,'2013510055','Rifki Ariyandi','085375524462','riefkyadytya@yahoo.co.od'),(56,78,'2014510002','M Dapit Darmanto','081268721014',''),(57,48,'2014510003','Ramadan','085761624257',''),(58,126,'2014510006','Rahmat Fajri','081266086750','rahmat.fajri89@gmail.com'),(59,121,'2014510007','Muhamad Ridho','0-','-'),(60,136,'2014510009','Khairatun Nisa\' Aulia','085265138213','khairatunnisaaulia@gmail.com'),(61,126,'2014510010','Ikorasaki','085265112275','ikorasaki96@gmail.com'),(62,82,'2014510012','Masriyanto','082390095165',''),(63,126,'2014510015','Desmayanti','082384296120','desmayanti426@gmail.com'),(64,110,'2014510016','Doffiari Saogok','082285445433','doffiari.saogo@gmail.com'),(65,156,'2014510019','Nelli Piliang','085264199476','nellypiliang123@gmail.com'),(66,126,'2014510020','Muhammad Abdil Qasthari','08997646075','abdilqasthari@gmail.com'),(67,121,'2014510026','Rado Leo Yuwiski','082386191532',''),(68,127,'2014510029','Bayu Saputra','082169713130',''),(69,163,'2014510030','Muhammad Ilham Rifaldi','081375661005',''),(70,73,'2014510032','Retno Febrima Yenti','082284632543','retnofebrimayenti@gmail.com'),(71,126,'2014510033','Rezi Yulianda','082284818874',''),(72,145,'2014510035','Muhammad Farhan Ahmad','082269406067','farhan.ahmad73@yahoo.com'),(73,95,'2014510036','Rendi Olka','082284362303','rasnelocker@ymail.com'),(74,121,'2014510037','Fajar Shodiq Mashudi','082285069049',''),(75,73,'2014510041','Fajri','00','0'),(76,127,'2014510042','Andri Oktavihendri','081977512373',''),(77,86,'2015510003','Afdal','081275521544','afdaldoank78@gmail.com'),(78,16,'2015510004','Zulfikar','085767814873','zulramas17@gmail.com'),(79,125,'2015510009','Hadriansyah David','085218705975',''),(80,126,'2015510011','Ibnu Satria Senjaya','082384786983','ibnusatria23@gmail.com'),(81,73,'2015510012','Ahmad Dani','081277688329','ahmaddani.ad501@gmail.com'),(82,125,'2015510014','Rina Devita','082385871633','rinadefita10@gmail.com'),(83,127,'2015510015','Muhammad Anshar Zuhandes','081267360964','ansharzuhandes10@gmail.com'),(84,125,'2015510016','Tri Yuhan','082386459122','yuzen228@gmail.com'),(85,126,'2015510018','Muhammad Aidil','082283450488','m.aidil1223@gmail.com'),(86,125,'2015510021','Okta Ferdiansyah','085365020968','oktaferdi133@gmail.com'),(87,7,'2015510022','Yosa Hermita','082284555251','yosahermita@gmail.com'),(88,125,'2015510025','Nursyamsu Tri Saputra','082284567199',''),(89,46,'2015510028','Muhammad Muas','085376151731',''),(90,67,'2015510029','Arief Hidayat','081378271481','ariefhidayat9397@gmail.com'),(91,78,'2015510033','Randi Eka Putra','085239032055','Randieprawadi@gmail.com'),(92,47,'2015510039','Bayu Amizar','082381876110','bayuamizarbayor23@gmail.com'),(93,47,'2015510040','Syahid Khalifa Endar Muda','082368566522',''),(94,77,'2015510044','Imam Hananta Pratama','082174136090',''),(95,125,'2015510045','Idrian Yahyan','085274184173','indattab270@gmail.com'),(96,22,'2016510002','Syam Erlan Alam','081267450122',''),(97,53,'2016510010','Anang Azhari','082287154344','anangcrendz@ymail.com'),(98,7,'2016510012','Marleni','082387274305','marlenigeodesi2@gmail.com'),(99,127,'2016510016','Ilham Muhammad Ali Hanafi','082288045315','ilhammuhamad1012@gmail.com'),(100,124,'2016510017','Rahmi Fitri','085664497724','rahmiriri@yahoo.com'),(101,122,'2016510026','Herman Maulana','085376229133','herman1207@gmail.com'),(102,7,'2016510029','Riri Pranata Jaya','082391889446','ripranatajaya12@gmail.com'),(103,159,'2016510031','Aldian Makmur','082287221667',''),(104,70,'2016510032','Wanda Yudha Pratama','085263292078','wandayudha6@gmail.com'),(105,163,'2016510033','Muhammad Ilham','081268408853',''),(106,150,'2016510034','Diyos','081267112416','diyos277@gmail.com'),(107,78,'2016510035','Ilham Pebrian','081272923826',''),(108,146,'2017510003','Dana Ruli Anita','082399769740','fitra.hasanah24@gmail.com'),(109,86,'2017510004','Fitra Hasanah','085263330270',''),(110,165,'2017510007','Ahmad Alfarizi','082382372225',''),(111,126,'2017510008','Ajeng Laras Sakti','081273448680',''),(112,145,'2017510010','Refvi Wylli Mahendra','081267980070','refviwilimahendra@gmail.com'),(113,127,'2017510011','Jerry Andicha Perdana','081276507680',''),(114,34,'2017510015','Silvina Mayang Sari','082388558760','silvinamayangsari17@gmail.com'),(115,7,'2017510016','Beni Irianto','083180338102',''),(116,163,'2017510022','Irzadul Fikri','0',''),(117,137,'2017510023','Sulvanda Theola','081248467762',''),(118,68,'2017510024','Murtadho Arib. I','085263849773','Rmnaldi22@gmail.com'),(119,124,'2018510005','Hazizul Hakim Akbar','089617790148','hazizulhakim4219@gmail.com'),(120,7,'2018510007','Aulia Rizki Amanda','081267157361','auliarizkiamanda11@gmail.com'),(121,7,'2018510008','Irfan Wahyudi','082390797226','galonmurah@yahoo.com'),(122,126,'2018510010','Yuhandri','082392042742','yuhandreasandi@gmail.com'),(123,38,'2018510012','Ridho Rivanda','082284834920','rivandaridho@gmail.com'),(124,125,'2018510013','Raihan Maisya Putra','081267035342','raihanmaisyaputra10@gmail.com'),(125,125,'2018510015','Rangga Berka Sadewa','081363951948','ranggaberkasadewa07@gmail.com'),(126,162,'2018510018','Rafli Aroyan','081257820020','rafliaroyan@gmail.com'),(127,37,'2018510019','Ristian Mades Vieri','081267034016','ristianmadesvieri@gmail.com'),(128,78,'2018510022','Huzairin Khotib Khan','085357064008','huzairinkhan66@gmail.com'),(129,40,'2018510023','Hadi Wiryanto','082283150548','hadiwiryanto24@gmail.com'),(130,95,'2018510028','Devindo Yudilar Fahmi','082388348722','devindoyundilarfahmi@gmail.com'),(131,129,'2018510035','Aldi Ferdian','081277590412','aldif2803@gmail.com'),(132,39,'2018510038','Agus Rinaldo','082385653332','agusrinaldo1999@gmail.com'),(133,126,'2018510039','Isra Iza Mahendra','082170365691','israzamahendramahendra@gmail.cim'),(134,30,'2018510040','M. Rizky Ramadhan','081374637188','m.rizkyrmdhn03@gmail.com'),(135,37,'2018510042','Raihan Mulyana','082386916410','rehanmuliana@gmail.com'),(136,8,'2018510043','Faizal Afandi','082288309452',''),(137,70,'2019510002','Yulia Reza Putri','085355804706','yuliarezaputri18@gmail.com'),(138,127,'2019510003','Handi M Ali Hanafi','081378550731','handimuhammad31@gmail.com'),(139,111,'2019510011','Vinenti Hastarina Sianipar','082288349056','hastarina01@gmail.com'),(140,70,'2019510012','Zakiatul Hasanah','082283742465','zakiatulhasanah2805@gmail.com'),(141,79,'2019510013','Putri Permata Sari','082284525106','putripermatasari014@gmail.com'),(142,163,'2019510019','Ahmad Suganda','081378949829','ahmadsuganda211@gmail.com'),(143,134,'2019510021','Salsabilla Rizki Hidayati','0895638859052','salsabillarizkih16@gmail.com'),(144,34,'2019510022','Dolla Willindra','082246884331','willindradolla@gmail.com'),(145,56,'2019510023','Suseni Hasibuan','082389532439','susenihasibuan@gmail.com'),(146,49,'2019510024','Fransisko Aprilio Putra','085218828291','ranssisko80@yahoo.com'),(147,125,'2019510025','Farhan Maulana','082386035352','farhanpjl100@gmail.com'),(148,127,'2019510026','Nasya Hardian','083182361737','nasyahardian@gmail.com'),(149,127,'2019510028','Rahmat Alhadi','082196506906','rahmatalhadi2093@gmail.com'),(150,85,'2019510033','M.Fauzi','082284289943','muhammadfauzi789sj@gmail.com'),(151,26,'2019510034','Rikzan','081374512333','adiak17rikzan@gmail.com'),(152,167,'2019510037','Azikrullah Hayasman','081371848516','azikurllahhayasman@gmail.com'),(153,140,'2002510002','Atrianto','081267075483','atrianto.geo02@gmail.com'),(154,83,'2002510013','Anes Supatra','082170710015','anes_supatra@yahoo.com'),(155,15,'2005510002','Defwaldi','081266811770','defwaldi739@gmail.com'),(156,91,'2006510003','Octavernandes','085274741212',''),(157,6,'2011510003','Webi Uyun','081268612153','webiuyun@yahoo.co.id'),(158,41,'2011510006','Agung Rahma Yati','082385462591','agungrahmayati@gmail.com'),(159,36,'2011510007','Era Ghoniati','085273776321','ERA.ghoniati@gmail.com'),(160,23,'2012510003','Delfi Saputra','082384842986','dlfsptr@gmail.com'),(161,152,'2012510005','Azky Rahmat','085272704114','azkyr7504@gmail.com'),(162,28,'2012510008','Gusti Ayu Pratiwi','085374819422','gustiayupratiwi@gmail.com'),(163,107,'2012510017','Oktawiadi Dawim','085266081067','oktawiadi@gmail.com'),(164,91,'2012510019','Ahmad Ridho Sastra','089624600606','sastraridho22@gmail.com'),(165,14,'2012510021','Slamet Riyanto','081374532124',''),(166,60,'2012510027','Rahmat Syukri','085355551532','rahmatsyukri568@yahoo.co.id'),(167,43,'2012510038','Arif Rahman Hakim','082283505272','arifselah211@gmail.com'),(168,11,'2012510041','Harisman','081364516651',''),(169,80,'2013510003','Rachmad Alfian','085271236502','alfian.green02@gmail.com'),(170,90,'2013510006','Nurhidayat','082287937473',''),(171,9,'2013510011','Martoni','085272335353',''),(172,164,'2013510014','Eka Waldri','082169093398','ekawaldry@yahoo.co.id'),(173,58,'2013510017','Yogie Sandeo','085272118210','san_deo@ymail.com'),(174,87,'2013510023','Tigur Sarana Putra','085274833819','tsaranaputrap@gmail.com'),(175,97,'2013510031','Onki Akmal','085263918711','onki193@gmail.com'),(176,23,'2013510035','Mhd Aziz Khaidir','081261278930','azizpiliang1@gmail.com'),(177,21,'2013510039','Yasep Kurniawan','081270043643','poseng1995@gmail.com'),(178,58,'2013510040','Fachriaen Putra','082288115365','pfachriaen@gmail.com'),(179,11,'2013510046','Irsyadul Hakimi','082210490513','irsyadul46@gmail.com'),(180,15,'2013510049','Yovan Delano','082284043725',''),(181,158,'2013510050','Willy Pratama Sandy','082388358340','willypratamasandy@gmail.com'),(182,120,'2013510053','Ryan Denofal','081261392900','ryan.denofal23@gmail.com'),(183,20,'2014510004','Ferdi Utama','0','ferdiutama05@gmail.com'),(184,81,'2014510005','Harmidus Shafa','082387892189','harmidusjambak07@gmail.com'),(185,23,'2014510008','Jewin Sufinandar','082387011357','jewin.sufinandar06@gmail.com'),(186,120,'2014510011','Agil Afrima Putra','082385612375',''),(187,27,'2014510022','Rizal Abdul Aziz','082386429612','rizalabdulaziz02@gmail.com'),(188,140,'2014510024','Afif Perdana Putra','082179340409',''),(189,130,'2014510025','Dedi Julianto','081372257960','Dedijulianto1994@gmail.com'),(190,10,'2014510027','Rizky Hidayat','081364967402','rizkyhidayat0610@gmail.com'),(191,27,'2014510028','Kurniatul Aida','082174491164','kurniatulaida123@gmail.com'),(192,74,'2014510034','Santi Gusvadepi','081275309676','santi.gusvadepi11@gmail.com'),(193,140,'2014510038','Delfa Julianto','085783001096','delfahulk@yahoo.co.id'),(194,140,'2014510043','Yusra Putra Roza','082285707995','yusraputraroza@gmail.com'),(195,118,'2014510044','Aulia Rahman Tanjung','08213900759','awi_tanjung@yahoo.com'),(196,51,'2015510001','Nur Wahidah','085269107297','nur22w@gmail.com'),(197,140,'2015510002','Nopri Prayogo','082170922226','nopri.ipank89@gmail.com'),(198,6,'2015510006','Irfan Fauzan','081267408115','fauzanirfan17@gmail.com'),(199,99,'2015510019','Tegar Prima Yastisio','081267659394','contoh@gmail.com'),(200,97,'2015510024','Desrianto','083181851880',''),(201,84,'2015510026','Fandi Fadli','082391833470','fandifadli92@yahoo.co.id'),(202,166,'2015510031','Muhammad Maulana','082384558165','jhoniqqueque@gmail.com'),(203,139,'2015510036','Angga Yayang Putra','081369906923','anggayayangputra98@gmail.com'),(204,140,'2015510043','Ravi Syaputra','082371393556',''),(205,99,'2016510001','Ottrialdo Asfino Wendra','082386252367','oltrialdo@yahoo.com'),(206,69,'2016510003','Dana Putra','081277833877',''),(207,140,'2016510008','Randi Setyadi Kurniawan','082280351290','randysetyady640@yahoo.com'),(208,88,'2016510011','Ernita Ferma','085363599440','nhitaselka@gmail.com'),(209,151,'2016510013','Arief Wahyu Nugraha','082288069121',''),(210,152,'2016510014','Muhamad Hamdan Hasmar','081363269840',''),(211,26,'2016510021','Yudi Aulia Rahman','082390854961','yudiaulia1508@gmail.com'),(212,141,'2016510022','Jodi Destriawan','085765983938','jodi.bikers@yahoo.com'),(213,6,'2016510025','Puja Lestari Ramadhanty','082172226992',''),(214,89,'2016510027','Senyi Erisa Putri','082287891997','senyierisaputri@gmail.com'),(215,20,'2016510038','Alfindo Fernando','082281675670',''),(216,90,'2017510001','Resi Yunita','082389297902','resiyunita09@gmail.com'),(217,123,'2017510005','Raafi Alfarizi','083181368586',''),(218,44,'2017510006','Eliza Nanda Pitria','082288516926','elizanandafitriasaragih@gmail.com'),(219,28,'2017510012','Alvin Adelfino Pratama','081267247464',''),(220,15,'2017510013','Ega Okta Vernandes','082285427556',''),(221,41,'2017510017','Egi Franata','0',''),(222,151,'2017510018','Vanesa Putri Kasari','082199362743',''),(223,97,'2017510019','Tia Mutia Siska','085355280354','tiageodes123@gmail.com'),(224,23,'2017510020','Winny Rimaniar','085210492181','winnyrahmania97@gmail.com'),(225,97,'2017510025','Ihsan Abdul Gani','082169708422','ihsanabdulgani03@gmail.com'),(226,151,'2017510028','Hendriyan','082386050545','riyanhendriyan510@gmail.com'),(227,69,'2018510003','Ade Sella Sucita','082389169473','adesella2000@gmail.com'),(228,6,'2018510006','Fajar Ridwan','082288179290','fajar.jr5409@gmail.com'),(229,120,'2018510009','Aditiya Chairisti','085263306845',''),(230,4,'2018510011','M.Yusuf','082284428117','yusuf2018510011@gmail.com'),(231,130,'2018510014','Ronaldo Sonet','082268444744','xeealdo@gmail.com'),(232,140,'2018510016','Rahmat Hendra','085264602405','rahmathen20@gmail.com'),(233,9,'2018510026','Yongki Mulyawan','082385494900','yongkimulyawan20002@gmail.com'),(234,101,'2018510027','Muhammad Hamdi','082210881263','muhammadhamdi1707@gmailcom'),(235,14,'2018510029','Ridho Illahi','082285128893','iridho204@gmail.com'),(236,103,'2018510037','Arif Okta Pratama','082283415415','arifokta3@gmail.com'),(237,108,'2018510041','Hengki Rolando Sirait','085362455369','rolansirait890@gmail.com'),(238,26,'2019510001','Nurdin Hamzah','082171711505','hamzahnurdin08@gmail.com'),(239,23,'2019510004','Dira Muvianti Warman','083183671717','diramuvianti9@gmail.com'),(240,101,'2019510006','Wahyu Pratama','082268331753','wahyuputra79742@gmail.com'),(241,74,'2019510007','Herlan Roy Andika','082382328595','herlanroyandika@gmail.com'),(242,32,'2019510014','Ahmad Fikri','082279346372','ahmdfkr340@gmail.com'),(243,97,'2019510015','Putri Wahyuni','082385590679','pwahyuni443@gmail.co'),(244,84,'2019510018','Muhammad Bhima Ramadhan','082285256739','muhammadbhima21@gmail.com'),(245,123,'2019510031','Nadia Elvira','082286472347','nadyaelvira905@gmail.com'),(246,97,'2019510032','Fadila Fitri','082285062797','fadilafitri086@gmail.com'),(247,97,'2019510035','Delvina Audina Fadli','082268399404','delvinaaudina0511@gmail.com'),(248,42,'2019510036','Mersika Sari','082174527763','sarimersika2503@gmail.com'),(249,25,'2019510038','Nadya Rizka Fitri','081250073775','nadyarf09@gmail.com'),(250,140,'2019510039','Kelvin Pratama','081367042504',''),(251,74,'2019510040','Ikhsan Huzanda','082268804124','huzandaikhsan@gmail.com'),(252,157,'2002510004','Effi Warni','081374765312','effi.warni@yahoo.com'),(253,149,'2002510006','Rikky Andesma','085271661158','rikkyandesma49@gmail.com'),(254,128,'2009510001','Arry Pramadya','081363537532','arrypramadya@yahoo.co.id'),(255,92,'2009510002','Febri Nofi','082172300067','FEBRINOVI02@YAHOO.CO.ID'),(256,71,'2009510003','Agustio Marpaung','082174412114','Agustiomarpaung@yahoo.co.id'),(257,71,'2011510010','Novia Kariadi','085311061241',''),(258,155,'2012510004','Dodi Herianto','081378294641','Herianto_d@rocketmail. Com'),(259,50,'2012510009','Julanda Novita Yenni','085266460753','novitayenni26@gmail.com'),(260,72,'2012510016','Salman Alfarisi','082383555055','salman_alfarisi9041@yahoo.com'),(261,128,'2012510018','Safri Ramadhan Purba','085796923561','the.generasi@yahoo.com'),(262,128,'2012510029','Silvia Ardianti','082383981233','silviaardianti95@gmail.com'),(263,72,'2012510034','Geby Andrean','085378117338',''),(264,128,'2012510035','Putra Jofina','081266468926','putrajofina@gmail.com'),(265,128,'2012510036','Anggi Sukmana','081364931311','anggibozz@gmail.com'),(266,92,'2012510040','Eko Setiawan','081275703256','ekosetiawan1994123@gmail.com'),(267,160,'2012510042','Andi Putra','081261813108','andip694@gmail.com'),(268,130,'2012510045','Jufrianto Rahmadeni','082384415006','jrahmadeni@gmail.com'),(269,128,'2013510004','Dirja Krisma Huda','081261234759','dirjakrismahuda@gmail.com'),(270,128,'2013510020','Hayatul Fitri','085278893505','hayatullfitrii@gmail.com'),(271,143,'2013510025','Arief Nurmawan','085211089493','kshowsindo@gmail.com'),(272,143,'2013510026','Mirna Wati','082385724334','mirna_arlen@yahoo.com'),(273,27,'2013510027','Hijratul Akmal','085261819262','hijratulakmal94gmail.com'),(274,96,'2013510034','Inghua Rusmilawati','085375013388','inghuarusmilawati12@gmail.com'),(275,148,'2013510041','M.Fakhri Salim','082288413525','fakhrisalim28@gmail.com'),(276,117,'2013510048','Isma Muhammad Fadly','082385769317','ismafadlyjr@gmail.com'),(277,128,'2014510001','Hasbial Habibi','085260890354','hasbialhabibi@gmail.com'),(278,55,'2014510014','Syahri Ramadhan Harahap','085270394109','syahriharahap22@gmail.com'),(279,57,'2014510045','Muhammad Fauzan','082381879410',''),(280,80,'2015510007','Firman','082286466423','manfir079@gmail.com'),(281,128,'2015510008','Ardhianty Meiditya Sari Siregar','085274064438','anaferrary21@gmail.com'),(282,14,'2015510013','Syamsue Anwar','085274835500','anwarsan345@gmail.com'),(283,17,'2015510027','Murdawati','08126770671','Murdawati0309@gmail.com'),(284,96,'2015510030','Debi Nadia Putri','085364078080','deby_shizhi@gmail.com'),(285,128,'2015510032','Zahra Amalia Zacky','081947702477','zahrazac@yahoo.com'),(286,144,'2015510035','Adi Subagia','085263696348','-'),(287,96,'2015510037','Ade Fernando','082284228045',''),(288,24,'2015510041','Pajri Isra','082288054710',''),(289,75,'2015510042','Air Langga','082385990761',''),(290,166,'2016510005','Ahmad Zulbadri','082284230604','ahmadzulbadri574@gmail.com'),(291,157,'2016510018','Catur Jaya Anugrah','081364676940','caturanugrah161297@gmail.com'),(292,162,'2016510019','Ahmad Gunadi','082387603284','ahmadgunadi737@gmail.com'),(293,157,'2016510037','Ahmad Zuliadi','082388276068','ahmatzuliadi@gmail.com'),(294,128,'2017510026','Zikril Khairi','082288456865',''),(295,5,'2017510027','Kiki Defri','08126641819',''),(296,161,'2018510001','Rahma Dewi Pomey','082285753879','rahmadewipomey638@gmail.com'),(297,128,'2018510020','Fazlun Iffan Fahrozy','081266400888','fazlun.iffan21@gmail.com'),(298,100,'2018510033','Ikhsan Ashari','085274243977','joinking12@gmail.com'),(299,128,'2018510044','Wiqori Aulia Hashiddiqi','081374135137','termpromer@gmail.com'),(300,104,'2019510008','Susyanto','082236772779','santomarsella@gmail.com'),(301,128,'2019510010','Muhammad Shalman Khan','085212518735','Shalmancingauk@gmail.com'),(302,41,'2002510005','Rendi Gustian','085263949698','rendi_gustian82@gmail.com'),(303,72,'2011510008','Ovandy Trisno Putra','081285590895','ovandytrisn0@gmail.com'),(304,137,'2011510009','Ilham','085311061241','blackmetalick@yamil.com'),(305,113,'2015510005','Mega Yasma Adha','085274664560','Mega_yasma@yahoo.com'),(306,148,'2015510010','Ales Surya Yafandi','081266664400','yafandia@gmail.com'),(307,91,'2015510017','Randa Dwisaputra','085274815881','randadwisaputra393@gmail.com'),(308,126,'2016510006','Ari Kusuma','082171869326','arikusuma0306@gmail.com'),(309,114,'2016510015','Fathan Kayyis','085264254254','fathan.kayyis839@gmail.com'),(310,89,'2017510021','Nada Novera','082287937748',''),(311,130,'2018510004','Dzakir Nurfirdaus','082269847707','zakirnurfirdaus16@gmail.com'),(312,96,'2019510009','Sherly Wahyulia','082287573735','Sherli.wahyulia@gmail.com'),(313,130,'2019510016','Agung Pratama','082382425120','pratamagung00@gmail.com'),(314,71,'2019510030','Nelpi Martinariza','081378207379',''),(328,168,'2010510003','Vadli Azhari','082388465655','vadliazhari@gmail.com'),(329,169,'2011510001','Ade Ridho Illahi','085366013322','aderidhoillahi@gmail.com'),(330,169,'2011510002','Thyo Frima Nugraha','082383563686','thyofrimanugraha@gmail.com'),(331,168,'2016510036','Dwiki Tiyas Syahputra','089633063064','dwikytiyas.dt@gmail.com'),(332,7,'2011510005','Afnil','',''),(333,28,'2012510001','Joko Setiawan','82383463220','ir.jokosetiawan17@gmail.com'),(334,41,'2012510011','Andre Gromiko','81378269941','andregromiko7@gmail.com'),(335,144,'2012510015','Fadhil Dhio Fajri','81316938842',''),(336,131,'2012510031','Nurmalia Sari Sutopo','81927418774','ghfhg@yahoo.com'),(337,41,'2012510032','Voni Azali Putra','82373535885','voniazaliputra94@gmail.com'),(338,72,'2012510043','Rido Desri Mayusa','82288413970',''),(339,41,'2012510044','Petros Pernando','82285210711','pernandopetros@gmail.com'),(340,7,'2013510021','Yuhandika Elfahmi','81994034209',''),(341,7,'2013510022','Abdi Nanda','81994134481',''),(342,35,'2013510033','Avisenna If Khalidi','81364625818','avisennakhalid23@gmail.com'),(343,49,'2013510054','Rijal Muttaqin','82175228446','rijal180895@gmail.com'),(344,13,'2014510013','Ananta Ekovano Putra','85263601307','adenitinegoro7@gmail.com'),(345,72,'2014510017','Agung Setiawan','85272418596','agungsetiawan2404@gmail.com'),(346,149,'2014510018','Billo Marshal','81270706269','marshallbillo0@gmail.com'),(347,41,'2014510021','Hazmul Fadli','85926562235',''),(348,153,'2014510023','Muhammad Hadil Mufty','81993308648','muhammadhadil.mufty@yahoo.com'),(349,144,'2014510031','Dimas Julianda Aria Pratama','82169751100','dimasjulianda42@gmail.com'),(350,31,'2014510040','Adhli Dzhil Iqram Chairil','87892926838','dzil_iqram@yahoo.co.id'),(351,168,'2015510020','Mardiani Siregar','81279214846','mardianisiregar531@gmail.com'),(352,128,'2015510023','Harie Andini','85374210955','Harieandini3@gmail.com'),(353,71,'2016510004','Gito Gilas Nusantara','82283025351','gitogilas@yahoo.com'),(354,90,'2016510007','Muhammad Hafiz','83182546108','hafizmen01@gmail.com'),(355,88,'2016510009','Noveghiandi Tafdhil','81363250899','v_zann01@yahoo.com'),(356,19,'2016510020','Suhada Sigit Yulismana','82186630768','suhadasigityulismana@gmail.com'),(357,142,'2016510023','Tivan Mahesa','82284140429',''),(358,92,'2016510024','Kurnia Audina','82386897523','audinakurnia52@gmail.com'),(359,71,'2016510028','Rahayu Putri Dahnila','82174637756',''),(360,92,'2016510030','Jhon Wardi','82391104505',''),(361,121,'2017510014','Chyndi Permata Sari','81267121538','indyps02@gmail.com'),(362,29,'2018510002','Indah Ary Neftya','81268243215','indahneftya15@gmail.com'),(363,89,'2018510017','Iqval Fahrully','82285452162','iqvalfahrully@gmail.com'),(364,88,'2018510021','Alwahid Putra','82283852812','alwahidputra01@gmail.com'),(365,10,'2018510024','Rizka Indah Purnama','81275869488','rizkaindahpurnama12@gmail.com'),(366,108,'2018510025','Yori Ananda','85376179376','yoriananda00@gmail.com'),(367,30,'2018510030','Rizki Ramadhan','83180272748','camaibe25@gmail.com'),(368,3,'2018510031','Muhammad Dzaky Naufal Winaz','82386868920','dzkynaf1602@gmail.com'),(369,153,'2018510032','Delfha Musfiza','81374014481','delfhamsfiza@gmail.com'),(370,71,'2018510034','Muhammad An Anafi','81276625230','m.anafi2699@gmail.com'),(371,136,'2018510036','Gustio Randa','82391075090','gr687605@gmail.com'),(372,35,'2019510005','Aulina','85279496045','aulinaaab@gmail.com'),(373,104,'2019510017','Arjun Suanda','82279799297','@arjunsuanda41'),(374,89,'2019510020','Muhammad Al\' Aziz Fariq.','85213950923','azizbagindo3@gmail.com'),(375,116,'2019510027','Ibrahim Muhil','82287246351','Ibrahimmuhil7@gmail.com'),(376,27,'2019510029','Monalisa Perwanda','82196506906','monalisaperwanda01@gmail.com'),(377,147,'2014510039','Pulung Pambudi','081378488789',NULL);
/*!40000 ALTER TABLE `mahasiswa` ENABLE KEYS */;
UNLOCK TABLES;

--
-- Table structure for table `provinsi`
--

DROP TABLE IF EXISTS `provinsi`;
/*!40101 SET @saved_cs_client     = @@character_set_client */;
/*!40101 SET character_set_client = utf8 */;
CREATE TABLE `provinsi` (
  `id` int(11) NOT NULL AUTO_INCREMENT,
  `nama` varchar(255) COLLATE utf8mb4_unicode_ci NOT NULL,
  PRIMARY KEY (`id`)
) ENGINE=InnoDB AUTO_INCREMENT=211 DEFAULT CHARSET=utf8mb4 COLLATE=utf8mb4_unicode_ci;
/*!40101 SET character_set_client = @saved_cs_client */;

--
-- Dumping data for table `provinsi`
--

LOCK TABLES `provinsi` WRITE;
/*!40000 ALTER TABLE `provinsi` DISABLE KEYS */;
INSERT INTO `provinsi` VALUES (199,'KEPULAUAN RIAU'),(200,'SUMATERA BARAT'),(201,'ACEH'),(202,'SUMATERA SELATAN'),(203,'BENGKULU'),(204,'LAMPUNG'),(205,'SUMATERA UTARA'),(206,'RIAU'),(207,'JAMBI'),(208,'JAWA BARAT'),(209,'BALI'),(210,'JAWA TENGAH');
/*!40000 ALTER TABLE `provinsi` ENABLE KEYS */;
UNLOCK TABLES;

--
-- Table structure for table `user`
--

DROP TABLE IF EXISTS `user`;
/*!40101 SET @saved_cs_client     = @@character_set_client */;
/*!40101 SET character_set_client = utf8 */;
CREATE TABLE `user` (
  `id` int(11) NOT NULL AUTO_INCREMENT,
  `username` varchar(180) COLLATE utf8mb4_unicode_ci NOT NULL,
  `roles` json NOT NULL,
  `password` varchar(255) COLLATE utf8mb4_unicode_ci NOT NULL,
  PRIMARY KEY (`id`),
  UNIQUE KEY `UNIQ_8D93D649F85E0677` (`username`)
) ENGINE=InnoDB AUTO_INCREMENT=2 DEFAULT CHARSET=utf8mb4 COLLATE=utf8mb4_unicode_ci;
/*!40101 SET character_set_client = @saved_cs_client */;

--
-- Dumping data for table `user`
--

LOCK TABLES `user` WRITE;
/*!40000 ALTER TABLE `user` DISABLE KEYS */;
INSERT INTO `user` VALUES (1,'admin','[\"ROLE_ADMIN\"]','$argon2id$v=19$m=65536,t=4,p=1$9Wz4Lco+STyghnqHZwCPzQ$FV/RD3AcEfpzb6YmnrRzj44L232heuuhzZuzefBDyuk');
/*!40000 ALTER TABLE `user` ENABLE KEYS */;
UNLOCK TABLES;
/*!40103 SET TIME_ZONE=@OLD_TIME_ZONE */;

/*!40101 SET SQL_MODE=@OLD_SQL_MODE */;
/*!40014 SET FOREIGN_KEY_CHECKS=@OLD_FOREIGN_KEY_CHECKS */;
/*!40014 SET UNIQUE_CHECKS=@OLD_UNIQUE_CHECKS */;
/*!40101 SET CHARACTER_SET_CLIENT=@OLD_CHARACTER_SET_CLIENT */;
/*!40101 SET CHARACTER_SET_RESULTS=@OLD_CHARACTER_SET_RESULTS */;
/*!40101 SET COLLATION_CONNECTION=@OLD_COLLATION_CONNECTION */;
/*!40111 SET SQL_NOTES=@OLD_SQL_NOTES */;

-- Dump completed on 2020-12-24  1:24:35
